{
  "model": "Random Forest",
  "sample_size": 10000,
  "raw_subsample_shape": [
    10000,
    28
  ],
  "fixed_val_shape": [
    20000,
    28
  ],
  "fixed_test_shape": [
    20000,
    28
  ],
  "preprocessed_feature_shapes": {
    "train": [
      10000,
      64
    ],
    "val": [
      20000,
      64
    ],
    "test": [
      20000,
      64
    ]
  },
  "params": {
    "n_estimators": 300,
    "max_depth": 12,
    "min_samples_leaf": 1,
    "max_features": "sqrt"
  },
  "validation_metrics": {
    "accuracy": 0.7382,
    "roc_auc": 0.8163896704125584,
    "inference_time_per_sample": 4.66230999736581e-06
  },
  "test_metrics": {
    "accuracy": 0.7349,
    "roc_auc": 0.8171835020377898,
    "training_time_seconds": 0.7451400000136346,
    "inference_time_per_sample": 4.72392000083346e-06
  }
}