{
  "model": "Random Forest",
  "sample_size": 20000,
  "raw_subsample_shape": [
    20000,
    28
  ],
  "fixed_val_shape": [
    20000,
    28
  ],
  "fixed_test_shape": [
    20000,
    28
  ],
  "preprocessed_feature_shapes": {
    "train": [
      20000,
      64
    ],
    "val": [
      20000,
      64
    ],
    "test": [
      20000,
      64
    ]
  },
  "params": {
    "n_estimators": 300,
    "max_depth": 12,
    "min_samples_leaf": 1,
    "max_features": "sqrt"
  },
  "validation_metrics": {
    "accuracy": 0.73975,
    "roc_auc": 0.8189222021890452,
    "inference_time_per_sample": 4.807494999840856e-06
  },
  "test_metrics": {
    "accuracy": 0.7384,
    "roc_auc": 0.8202225233573407,
    "training_time_seconds": 1.1204201999935322,
    "inference_time_per_sample": 4.718964998028241e-06
  }
}