{
  "model": "Random Forest",
  "sample_size": 5000,
  "raw_subsample_shape": [
    5000,
    28
  ],
  "fixed_val_shape": [
    20000,
    28
  ],
  "fixed_test_shape": [
    20000,
    28
  ],
  "preprocessed_feature_shapes": {
    "train": [
      5000,
      64
    ],
    "val": [
      20000,
      64
    ],
    "test": [
      20000,
      64
    ]
  },
  "params": {
    "n_estimators": 300,
    "max_depth": 12,
    "min_samples_leaf": 1,
    "max_features": "sqrt"
  },
  "validation_metrics": {
    "accuracy": 0.73425,
    "roc_auc": 0.8142133057982577,
    "inference_time_per_sample": 4.205394999007694e-06
  },
  "test_metrics": {
    "accuracy": 0.7365,
    "roc_auc": 0.8156677636228581,
    "training_time_seconds": 0.5031671000178903,
    "inference_time_per_sample": 4.671720002079382e-06
  }
}