{
  "model": "Random Forest",
  "sample_size": 2000,
  "raw_subsample_shape": [
    2000,
    28
  ],
  "fixed_val_shape": [
    20000,
    28
  ],
  "fixed_test_shape": [
    20000,
    28
  ],
  "preprocessed_feature_shapes": {
    "train": [
      2000,
      64
    ],
    "val": [
      20000,
      64
    ],
    "test": [
      20000,
      64
    ]
  },
  "params": {
    "n_estimators": 300,
    "max_depth": 12,
    "min_samples_leaf": 1,
    "max_features": "sqrt"
  },
  "validation_metrics": {
    "accuracy": 0.7341,
    "roc_auc": 0.8081300618744826,
    "inference_time_per_sample": 5.368310000631027e-06
  },
  "test_metrics": {
    "accuracy": 0.7317,
    "roc_auc": 0.8092076314593704,
    "training_time_seconds": 0.4567869999445975,
    "inference_time_per_sample": 4.775589998462238e-06
  }
}