{
  "model": "XGBoost",
  "sample_size": 20000,
  "raw_subsample_shape": [
    20000,
    28
  ],
  "fixed_val_shape": [
    20000,
    28
  ],
  "fixed_test_shape": [
    20000,
    28
  ],
  "preprocessed_feature_shapes": {
    "train": [
      20000,
      64
    ],
    "val": [
      20000,
      64
    ],
    "test": [
      20000,
      64
    ]
  },
  "params": {
    "n_estimators": 100,
    "max_depth": 4,
    "learning_rate": 0.1,
    "subsample": 1.0,
    "colsample_bytree": 1.0
  },
  "validation_metrics": {
    "accuracy": 0.73945,
    "roc_auc": 0.8206809666899643,
    "inference_time_per_sample": 2.971400012029335e-07
  },
  "test_metrics": {
    "accuracy": 0.74015,
    "roc_auc": 0.8221534661424109,
    "training_time_seconds": 0.19206420000409707,
    "inference_time_per_sample": 3.1218000221997497e-07
  }
}